City_ID,City,Country,Date,Lat,Lng,Max Temp,Humidity,Cloudiness,Wind Speed
0,Khatanga,RU,2022-07-01 14:39:05,71.9667,102.5,51.21,61,100,11.03
1,Oksfjord,NO,2022-07-01 14:39:05,70.2396,22.3479,71.67,53,28,3.83
2,Hermanus,ZA,2022-07-01 14:35:50,-34.4187,19.2345,68.61,54,2,12.1
3,Port Lincoln,AU,2022-07-01 14:39:06,-34.7333,135.8667,52.63,64,100,8.79
4,Thinadhoo,MV,2022-07-01 14:39:06,0.5333,72.9333,80.56,80,23,8.9
5,Nemuro,JP,2022-07-01 14:39:06,43.3236,145.575,54.36,96,24,10.71
6,Katsuura,JP,2022-07-01 14:39:07,35.1333,140.3,76.23,88,0,13.58
7,Bluff,NZ,2022-07-01 14:39:07,-46.6,168.3333,47.8,76,88,18.54
8,Lebu,CL,2022-07-01 14:39:07,-37.6167,-73.65,50.07,79,80,19.48
9,Mataura,NZ,2022-07-01 14:39:08,-46.1927,168.8643,47.48,93,100,5.77
10,Avarua,CK,2022-07-01 14:39:08,-21.2078,-159.775,77.05,78,75,14.97
11,Honiara,SB,2022-07-01 14:39:08,-9.4333,159.95,77.02,82,32,8.34
12,Albany,US,2022-07-01 14:36:23,42.6001,-73.9662,84.63,55,79,7.02
13,Kodiak,US,2022-07-01 14:39:08,57.79,-152.4072,53.11,87,100,8.05
14,Port Alfred,ZA,2022-07-01 14:39:09,-33.5906,26.891,72.36,37,0,9.89
15,Sola,VU,2022-07-01 14:39:09,-13.8833,167.55,80.33,77,94,24.18
16,Conde,BR,2022-07-01 14:39:09,-7.2597,-34.9075,81.86,74,40,5.75
17,Yarega,RU,2022-07-01 14:39:10,63.4354,53.5765,71.1,33,10,5.59
18,Arraial Do Cabo,BR,2022-07-01 14:39:10,-22.9661,-42.0278,75.16,73,40,13.8
19,Saldanha,ZA,2022-07-01 14:39:10,-33.0117,17.9442,68.05,66,23,16.67
20,East London,ZA,2022-07-01 14:39:11,-33.0153,27.9116,74.34,53,0,2.3
21,Ingham,US,2022-07-01 14:39:11,42.6,-84.3833,78.19,69,0,5.75
22,Cape Town,ZA,2022-07-01 14:39:11,-33.9258,18.4232,73.81,48,0,14.97
23,Hay River,CA,2022-07-01 14:39:11,60.8156,-115.7999,57.18,54,40,5.75
24,Vaini,TO,2022-07-01 14:39:12,-21.2,-175.2,71.76,94,20,5.75
25,Tura,IN,2022-07-01 14:39:12,25.5198,90.2201,75.7,88,4,3.6
26,Weston,US,2022-07-01 14:39:12,26.1004,-80.3998,90.0,70,19,5.01
27,Boguchany,RU,2022-07-01 14:39:13,58.3814,97.4531,58.86,99,100,5.19
28,Gornopravdinsk,RU,2022-07-01 14:39:13,60.05,69.9,57.72,63,78,10.16
29,Faanui,PF,2022-07-01 14:39:13,-16.4833,-151.75,78.13,63,33,20.36
30,Kapaa,US,2022-07-01 14:39:14,22.0752,-159.319,77.32,83,40,17.27
31,Severo-Kurilsk,RU,2022-07-01 14:39:14,50.6789,156.125,51.08,72,99,11.83
32,Dabola,GN,2022-07-01 14:39:14,10.75,-11.1167,88.45,51,78,3.85
33,Cidreira,BR,2022-07-01 14:39:15,-30.1811,-50.2056,60.48,73,1,18.7
34,Bambous Virieux,MU,2022-07-01 14:39:15,-20.3428,57.7575,70.05,73,75,13.8
35,Innisfail,AU,2022-07-01 14:39:15,-17.5333,146.0333,71.42,95,100,5.23
36,Ponta Do Sol,PT,2022-07-01 14:39:16,32.6667,-17.1,76.01,67,5,4.32
37,Karachi,PK,2022-07-01 14:35:04,24.9056,67.0822,87.62,70,75,19.57
38,Bafoulabe,ML,2022-07-01 14:39:16,13.8065,-10.8321,97.99,36,26,7.2
39,Punta Arenas,CL,2022-07-01 14:35:49,-53.15,-70.9167,32.02,80,0,12.66
40,Hithadhoo,MV,2022-07-01 14:39:16,-0.6,73.0833,81.39,76,98,10.96
41,Poum,NC,2022-07-01 14:39:17,-20.2333,164.0167,73.45,68,70,9.84
42,Kaeo,NZ,2022-07-01 14:39:17,-35.1,173.7833,53.33,95,100,5.28
43,Provideniya,RU,2022-07-01 14:39:17,64.3833,-173.3,47.93,88,95,14.65
44,Butaritari,KI,2022-07-01 14:39:18,3.0707,172.7902,81.7,78,93,16.78
45,Bethel,US,2022-07-01 14:40:18,41.3712,-73.414,85.35,70,0,11.5
46,Carnarvon,AU,2022-07-01 14:40:18,-24.8667,113.6333,64.76,38,0,15.03
47,Bandarbeyla,SO,2022-07-01 14:40:19,9.4942,50.8122,83.19,58,85,29.8
48,Aleksandrov Gay,RU,2022-07-01 14:40:19,50.147,48.5704,61.39,77,99,12.8
49,Hofn,IS,2022-07-01 14:40:19,64.2539,-15.2082,55.42,88,75,9.22
50,Ushuaia,AR,2022-07-01 14:40:20,-54.8,-68.3,31.66,80,0,4.61
51,Souillac,MU,2022-07-01 14:40:20,-20.5167,57.5167,70.18,73,75,13.8
52,Nouadhibou,MR,2022-07-01 14:40:20,20.931,-17.0347,76.98,61,0,18.41
53,Castro,BR,2022-07-01 14:40:20,-24.7911,-50.0119,66.94,45,0,4.54
54,Los Llanos De Aridane,ES,2022-07-01 14:40:21,28.6585,-17.9182,71.35,82,40,16.11
55,Tandalti,SD,2022-07-01 14:40:21,13.0167,31.8667,94.98,33,69,6.53
56,Altagracia De Orituco,VE,2022-07-01 14:40:21,9.8601,-66.3814,83.7,61,52,3.62
57,Petatlan,MX,2022-07-01 14:40:22,17.5167,-101.2667,78.6,67,100,2.91
58,Barrow,US,2022-07-01 14:40:22,71.2906,-156.7887,44.62,81,0,8.05
59,Ribeira Grande,PT,2022-07-01 14:40:22,38.5167,-28.7,72.0,78,40,6.91
60,Esperance,AU,2022-07-01 14:40:23,-33.8667,121.9,51.22,83,0,9.78
61,Bredasdorp,ZA,2022-07-01 14:40:23,-34.5322,20.0403,68.52,52,11,7.67
62,Pangoa,PE,2022-07-01 14:40:23,-12.1167,-73.0,76.03,73,96,1.14
63,Busselton,AU,2022-07-01 14:40:23,-33.65,115.3333,49.64,79,0,5.73
64,Tateyama,JP,2022-07-01 14:40:24,34.9833,139.8667,79.11,90,0,14.61
65,New Norfolk,AU,2022-07-01 14:40:24,-42.7826,147.0587,40.71,88,15,1.01
66,Tiksi,RU,2022-07-01 14:40:24,71.6872,128.8694,43.3,68,99,3.02
67,Grindavik,IS,2022-07-01 14:40:25,63.8424,-22.4338,57.67,77,40,12.66
68,Erzin,TR,2022-07-01 14:40:25,36.9559,36.2,78.33,79,16,6.96
69,Caucaia,BR,2022-07-01 14:40:25,-3.7361,-38.6531,87.31,75,40,12.66
70,Rikitea,PF,2022-07-01 14:40:26,-23.1203,-134.9692,72.19,72,100,22.01
71,Sampit,ID,2022-07-01 14:40:26,-2.5333,112.95,74.14,93,100,2.37
72,Chuy,UY,2022-07-01 14:40:26,-33.6971,-53.4616,56.68,58,0,14.88
73,Waingapu,ID,2022-07-01 14:40:26,-9.6567,120.2641,77.65,85,100,8.68
74,Hauterive,FR,2022-07-01 14:40:27,46.0901,3.4459,71.76,42,0,4.41
75,Yulara,AU,2022-07-01 14:40:27,-25.2406,130.9889,47.8,57,0,14.9
76,Ojinaga,MX,2022-07-01 14:40:27,29.5667,-104.4167,84.42,54,0,6.91
77,Hilo,US,2022-07-01 14:39:09,19.7297,-155.09,74.62,92,100,5.75
78,Machinga,MW,2022-07-01 14:40:28,-15.1685,35.3,66.79,63,96,4.9
79,Sao Joao Da Barra,BR,2022-07-01 14:40:28,-21.6403,-41.0511,73.49,70,4,8.34
80,Liangxiang,CN,2022-07-01 14:40:28,39.7319,116.14,76.73,76,97,2.91
81,Bengkulu,ID,2022-07-01 14:40:29,-3.8004,102.2655,73.87,88,10,4.38
82,Pozo Colorado,PY,2022-07-01 14:40:29,-23.4923,-58.7972,82.65,41,0,12.39
83,Ngunguru,NZ,2022-07-01 14:40:29,-35.6167,174.5,54.25,79,100,9.93
84,Zhigansk,RU,2022-07-01 14:40:30,66.7697,123.3711,55.24,50,39,6.62
85,Mizusawa,JP,2022-07-01 14:40:30,39.1333,141.1333,71.19,95,23,2.1
86,Prince Rupert,CA,2022-07-01 14:40:10,54.3161,-130.3201,55.09,96,100,5.75
87,Mount Isa,AU,2022-07-01 14:40:30,-20.7333,139.5,51.57,100,100,9.22
88,Praya,CV,2022-07-01 14:40:31,14.9215,-23.5087,82.94,54,20,13.8
89,Tasiilaq,GL,2022-07-01 14:40:31,65.6145,-37.6368,44.76,84,55,5.84
90,Chokurdakh,RU,2022-07-01 14:40:31,70.6333,147.9167,46.18,52,87,11.63
91,Vila Velha,BR,2022-07-01 14:41:32,-20.3297,-40.2925,76.95,72,40,6.91
92,Qinhuangdao,CN,2022-07-01 14:41:32,39.9317,119.5883,71.83,94,56,3.89
93,College,US,2022-07-01 14:41:32,64.8569,-147.8028,69.21,65,75,4.61
94,Dikson,RU,2022-07-01 14:41:32,73.5069,80.5464,33.57,92,100,7.38
95,Rawson,AR,2022-07-01 14:41:33,-43.3002,-65.1023,46.2,70,98,7.9
96,Kavieng,PG,2022-07-01 14:41:33,-2.5744,150.7967,82.58,77,50,14.61
97,Guerrero Negro,MX,2022-07-01 14:41:33,27.9769,-114.0611,70.43,76,1,14.65
98,Coihaique,CL,2022-07-01 14:41:34,-45.5752,-72.0662,30.81,90,98,1.07
99,Dwarka,IN,2022-07-01 14:39:27,22.2394,68.9678,84.65,79,100,18.14
100,Madawaska,US,2022-07-01 14:41:34,47.3561,-68.3288,66.09,80,0,9.22
101,Mehamn,NO,2022-07-01 14:41:34,71.0357,27.8492,53.55,76,20,10.36
102,Carpinteria,US,2022-07-01 14:41:35,34.3989,-119.5185,75.38,56,5,3.91
103,Grand Island,US,2022-07-01 14:41:35,40.925,-98.342,68.29,81,100,4.61
104,Lompoc,US,2022-07-01 14:40:56,34.6391,-120.4579,54.01,100,100,4.61
105,Half Moon Bay,US,2022-07-01 14:41:35,37.4636,-122.4286,60.06,89,100,6.91
106,Bayir,TR,2022-07-01 14:41:36,37.2687,28.2167,93.72,23,0,15.32
107,Egvekinot,RU,2022-07-01 14:41:36,66.3167,-179.1667,47.17,84,100,9.78
108,Newton,US,2022-07-01 14:39:11,42.337,-71.2092,87.22,50,0,13.8
109,Pangnirtung,CA,2022-07-01 14:41:36,66.1451,-65.7125,42.8,87,100,6.91
110,Garowe,SO,2022-07-01 14:41:37,8.4054,48.4845,87.58,34,78,25.75
111,Linxia,CN,2022-07-01 14:41:37,35.6003,103.2064,63.97,66,100,3.65
112,Yelniki,RU,2022-07-01 14:41:37,54.6207,43.876,53.87,65,81,13.15
113,Necochea,AR,2022-07-01 14:41:37,-38.5473,-58.7368,49.35,47,100,19.62
114,Xai-Xai,MZ,2022-07-01 14:41:38,-25.0519,33.6442,67.48,73,58,7.36
115,Coracora,PE,2022-07-01 14:41:38,-15.0333,-73.7833,59.88,31,98,3.91
116,Nuevo Laredo,MX,2022-07-01 14:39:15,27.4763,-99.5164,84.47,65,0,6.91
117,Moron,AR,2022-07-01 14:41:38,-34.6534,-58.6198,55.29,66,0,16.11
118,Kiunga,PG,2022-07-01 14:41:39,-6.1219,141.2906,74.12,99,100,1.01
119,Monterey,US,2022-07-01 14:41:39,36.2505,-121.2516,66.18,44,1,3.94
120,Pevek,RU,2022-07-01 14:41:39,69.7008,170.3133,34.83,96,100,3.31
121,Kalmunai,LK,2022-07-01 14:41:40,7.4167,81.8167,83.95,76,50,6.15
122,Tranas,SE,2022-07-01 14:41:40,58.0372,14.9782,80.38,33,34,0.27
123,Port Elizabeth,ZA,2022-07-01 14:41:40,-33.918,25.5701,80.89,24,0,3.44
124,Berberati,CF,2022-07-01 14:41:41,4.2612,15.7922,73.81,82,100,2.28
125,Torbay,CA,2022-07-01 14:41:41,47.6666,-52.7314,70.29,89,75,14.97
126,Pilar,BR,2022-07-01 14:41:41,-9.5972,-35.9567,76.93,87,78,10.85
127,La Massana,AD,2022-07-01 14:41:41,42.5667,1.4833,74.32,37,6,4.27
128,Tampayan,PH,2022-07-01 14:41:42,12.4794,122.5231,82.42,80,100,13.76
129,Pokhara,NP,2022-07-01 14:41:15,28.2333,83.9833,73.96,93,73,2.75
130,Uruzgan,AF,2022-07-01 14:41:42,32.8333,66.0,91.18,9,0,1.3
131,Kraslava,LV,2022-07-01 14:41:42,55.8951,27.168,79.32,47,100,3.96
132,Kurumkan,RU,2022-07-01 14:41:43,54.3,110.3,70.39,73,18,4.14
133,Konevo,RU,2022-07-01 14:41:43,62.1215,39.3192,75.79,35,84,2.66
134,Black River,JM,2022-07-01 14:41:43,18.0264,-77.8487,87.94,55,82,8.72
135,Mahajanga,MG,2022-07-01 14:41:44,-15.7167,46.3167,84.22,39,40,10.36
136,Puerto Ayora,EC,2022-07-01 14:41:44,-0.7393,-90.3518,71.56,86,87,7.0
137,Hobart,AU,2022-07-01 14:37:28,-42.8794,147.3294,41.05,90,15,6.91
138,Cap Malheureux,MU,2022-07-01 14:41:44,-19.9842,57.6142,72.34,62,53,21.47
139,Belaya Gora,RU,2022-07-01 14:41:45,68.5333,146.4167,53.46,64,77,2.86
140,Longyearbyen,SJ,2022-07-01 14:40:59,78.2186,15.6401,46.24,81,75,13.8
141,Atuona,PF,2022-07-01 14:42:45,-9.8,-139.0333,76.62,77,33,11.01
142,Midland,US,2022-07-01 14:42:45,31.9974,-102.0779,86.68,48,0,16.11
143,Isangel,VU,2022-07-01 14:42:46,-19.55,169.2667,72.28,85,29,9.95
144,Stabat,ID,2022-07-01 14:42:46,3.761,98.4513,82.6,91,64,3.2
145,Tumut,AU,2022-07-01 14:42:46,-35.3,148.2167,43.95,92,100,4.88
146,Walvis Bay,NA,2022-07-01 14:42:47,-22.9575,14.5053,70.43,49,0,12.08
147,Skibbereen,IE,2022-07-01 14:42:47,51.55,-9.2667,59.11,87,84,16.73
148,Upernavik,GL,2022-07-01 14:39:27,72.7868,-56.1549,36.32,89,100,9.98
149,Coquimbo,CL,2022-07-01 14:42:48,-29.9533,-71.3436,55.13,71,75,3.44
150,Georgiyevskoye,RU,2022-07-01 14:42:48,58.731,45.024,66.0,46,70,5.28
151,Strelka,RU,2022-07-01 14:42:49,58.0728,93.0344,59.85,73,56,3.58
152,Yar-Sale,RU,2022-07-01 14:42:49,66.8333,70.8333,61.14,31,22,15.64
153,Husavik,IS,2022-07-01 14:41:32,66.0449,-17.3389,48.15,92,100,9.04
154,Labrea,BR,2022-07-01 14:42:49,-7.2586,-64.7981,88.63,42,44,2.15
155,Nikolskoye,RU,2022-07-01 14:42:50,59.7035,30.7861,86.88,36,4,7.4
156,Mahebourg,MU,2022-07-01 14:42:50,-20.4081,57.7,70.09,73,75,13.8
157,Hearst,CA,2022-07-01 14:40:44,49.6835,-83.6665,59.25,41,2,12.01
158,Bara,NG,2022-07-01 14:42:51,10.3744,10.7288,85.78,44,100,5.7
159,Berdigestyakh,RU,2022-07-01 14:42:51,62.0989,126.6992,62.98,67,91,3.78
160,Eyl,SO,2022-07-01 14:42:52,7.9803,49.8164,86.67,50,76,26.17
161,Lujan,AR,2022-07-01 14:38:37,-34.5703,-59.105,53.46,62,22,16.8
162,Ust-Tsilma,RU,2022-07-01 14:42:52,65.441,52.1498,59.4,73,97,7.96
163,Nakhon Thai,TH,2022-07-01 14:42:53,17.1006,100.8374,76.42,94,99,1.83
164,Jalu,LY,2022-07-01 14:42:53,29.0331,21.5482,100.71,15,0,14.61
165,Flinders,AU,2022-07-01 14:42:53,-34.5833,150.8552,55.18,91,100,4.0
166,Talnakh,RU,2022-07-01 14:42:54,69.4865,88.3972,63.21,48,76,17.74
167,Belmonte,BR,2022-07-01 14:42:54,-15.8631,-38.8828,78.87,58,12,8.93
168,Jaisalmer,IN,2022-07-01 14:42:54,26.9147,70.9181,88.2,52,100,18.59
169,Thompson,CA,2022-07-01 14:42:55,55.7435,-97.8558,50.16,66,40,17.27
170,Hammerfest,NO,2022-07-01 14:42:55,70.6634,23.6821,72.05,56,0,4.61
171,Sur,OM,2022-07-01 14:42:55,22.5667,59.5289,90.0,66,86,10.51
172,Conakry,GN,2022-07-01 14:42:56,9.538,-13.6773,80.02,80,98,11.48
173,Avera,US,2022-07-01 14:42:56,33.194,-82.5271,80.55,60,100,6.6
174,Trinidad,BO,2022-07-01 14:42:56,-14.8333,-64.9,78.78,61,41,3.44
175,Yatou,CN,2022-07-01 14:42:57,37.15,122.3833,73.76,91,100,15.95
176,Jamestown,US,2022-07-01 14:39:07,42.097,-79.2353,82.94,59,96,8.99
177,Amalapuram,IN,2022-07-01 14:42:57,16.5833,82.0167,85.93,75,100,4.74
178,Cabo San Lucas,MX,2022-07-01 14:41:19,22.8909,-109.9124,84.61,72,54,7.47
179,Ancud,CL,2022-07-01 14:42:58,-41.8697,-73.8203,43.23,68,95,11.48
180,Vanimo,PG,2022-07-01 14:42:58,-2.6741,141.3028,79.21,89,83,7.9
181,Camacha,PT,2022-07-01 14:42:58,33.0833,-16.3333,65.62,83,40,9.22
182,Oromocto,CA,2022-07-01 14:42:59,45.8351,-66.4792,67.71,82,75,3.44
183,Caravelas,BR,2022-07-01 14:43:59,-17.7125,-39.2481,78.46,64,99,4.25
184,Antalaha,MG,2022-07-01 14:43:59,-14.9003,50.2788,70.14,81,100,11.52
185,Istria,RO,2022-07-01 14:44:00,44.5667,28.7167,83.35,58,35,12.01
186,Carbonia,IT,2022-07-01 14:44:00,39.1672,8.5222,99.55,38,38,13.53
187,Bogandinskiy,RU,2022-07-01 14:44:00,56.8937,65.8938,64.67,79,75,8.43
188,Fortuna,US,2022-07-01 14:40:00,40.5982,-124.1573,56.35,91,100,0.0
189,Kapuskasing,CA,2022-07-01 14:42:21,49.4169,-82.4331,60.89,63,20,12.66
190,Chicama,PE,2022-07-01 14:44:00,-7.8447,-79.1469,61.34,65,39,6.93
191,Chontalpa,MX,2022-07-01 14:44:01,17.7,-93.5167,79.7,85,86,4.45
192,Santa Isabel Do Rio Negro,BR,2022-07-01 14:44:01,-0.4139,-65.0192,87.69,56,10,3.18
193,Kodinsk,RU,2022-07-01 14:44:02,58.6881,99.1844,60.31,99,100,9.98
194,Yellowknife,CA,2022-07-01 14:41:26,62.456,-114.3525,61.32,51,40,9.22
195,Kharp,RU,2022-07-01 14:44:02,66.8014,65.8081,64.11,42,58,6.73
196,Hamilton,US,2022-07-01 14:42:45,39.1834,-84.5333,87.94,68,20,9.22
197,Lucea,JM,2022-07-01 14:44:02,18.451,-78.1736,88.86,66,88,16.06
198,Port Macquarie,AU,2022-07-01 14:44:03,-31.4333,152.9167,53.89,93,100,3.15
199,Iberia,US,2022-07-01 14:44:03,29.9502,-91.7507,75.2,88,100,12.66
200,Salalah,OM,2022-07-01 14:44:03,17.0151,54.0924,86.09,79,100,8.05
201,Lander,US,2022-07-01 14:42:47,42.833,-108.7307,66.97,56,0,5.75
202,Maceio,BR,2022-07-01 14:40:41,-9.6658,-35.7353,78.24,83,100,16.11
203,Taoudenni,ML,2022-07-01 14:44:04,22.6783,-3.9836,114.26,7,40,10.74
204,Moose Factory,CA,2022-07-01 14:44:04,51.2585,-80.6094,57.2,67,0,11.5
205,Touros,BR,2022-07-01 14:44:04,-5.1989,-35.4608,84.09,66,42,12.77
206,Pandan,PH,2022-07-01 14:44:05,14.0453,124.1694,81.32,82,100,6.33
207,Kloulklubed,PW,2022-07-01 14:44:05,7.0419,134.2556,75.7,75,73,7.43
208,Airai,TL,2022-07-01 14:44:05,-8.9266,125.4092,58.59,97,80,3.27
209,Sao Caetano De Odivelas,BR,2022-07-01 14:44:06,-0.75,-48.02,87.87,56,16,6.71
210,Cotonou,BJ,2022-07-01 14:44:06,6.3654,2.4183,84.18,74,40,13.8
211,Ahipara,NZ,2022-07-01 14:44:06,-35.1667,173.1667,54.99,87,100,9.06
212,Chimbote,PE,2022-07-01 14:44:07,-9.0853,-78.5783,65.41,74,54,8.12
213,San Quintin,MX,2022-07-01 14:44:07,30.4833,-115.95,69.93,78,20,10.94
214,Saint-Philippe,RE,2022-07-01 14:44:07,-21.3585,55.7679,71.19,74,39,13.82
215,Zhangjiakou,CN,2022-07-01 14:44:07,40.81,114.8794,71.22,72,96,4.94
216,Presidencia Roque Saenz Pena,AR,2022-07-01 14:44:08,-26.7852,-60.4388,74.82,52,2,13.89
217,Ghanzi,BW,2022-07-01 14:44:08,-21.5667,21.7833,62.33,45,100,5.82
218,Altay,CN,2022-07-01 14:44:08,47.8667,88.1167,61.75,85,50,5.37
219,Saint-Joseph,RE,2022-07-01 14:44:09,-21.3667,55.6167,70.18,74,17,14.61
220,Rio Grande,BR,2022-07-01 14:44:09,-32.035,-52.0986,59.11,67,0,17.54
221,Zhirnov,RU,2022-07-01 14:44:09,48.1709,41.1261,75.96,39,15,17.36
222,Pisco,PE,2022-07-01 14:44:10,-13.7,-76.2167,60.85,82,100,6.91
223,Komsomolskiy,UZ,2022-07-01 14:44:10,40.4272,71.7189,92.12,17,48,6.91
224,Bosaso,SO,2022-07-01 14:44:10,11.2842,49.1816,92.71,41,74,2.33
225,Kieta,PG,2022-07-01 14:44:10,-6.2167,155.6333,78.89,84,100,5.17
226,Dudinka,RU,2022-07-01 14:45:11,69.4058,86.1778,63.63,48,22,15.79
227,Constitucion,CL,2022-07-01 14:45:11,-35.3333,-72.4167,52.36,80,87,12.68
228,Doka,SD,2022-07-01 14:45:11,13.5167,35.7667,87.87,45,87,9.6
229,Srivardhan,IN,2022-07-01 14:45:12,18.0333,73.0167,81.39,85,93,14.81
230,Pacific Grove,US,2022-07-01 14:45:12,36.6177,-121.9166,56.01,90,100,11.01
231,Lavrentiya,RU,2022-07-01 14:45:12,65.5833,-171.0,53.2,70,97,12.24
232,Kamenka,RU,2022-07-01 14:45:13,51.3223,42.7678,57.65,56,37,16.93
233,Auki,SB,2022-07-01 14:45:13,-8.7676,160.7034,76.69,88,10,4.85
234,Leningradskiy,RU,2022-07-01 14:45:13,69.3833,178.4167,37.65,93,100,2.8
235,Belyy Yar,RU,2022-07-01 14:45:13,53.6039,91.3903,66.85,77,0,8.95
236,Piacabucu,BR,2022-07-01 14:45:14,-10.4056,-36.4344,78.64,85,39,13.27
237,Mar Del Plata,AR,2022-07-01 14:45:14,-38.0023,-57.5575,55.09,63,0,14.97
238,Marienburg,PL,2022-07-01 14:45:15,54.0359,19.0266,91.87,47,3,19.1
239,Naze,JP,2022-07-01 14:45:15,28.3667,129.4833,77.92,87,92,15.95
240,Dalhousie,IN,2022-07-01 14:45:15,32.5333,75.9833,64.83,81,18,2.37
241,Laguna,US,2022-07-01 14:45:15,38.421,-121.4238,67.08,80,0,11.5
242,Srednekolymsk,RU,2022-07-01 14:45:16,67.45,153.6833,52.27,57,62,6.26
243,Lorengau,PG,2022-07-01 14:45:16,-2.0226,147.2712,80.65,82,56,10.18
244,Beloha,MG,2022-07-01 14:45:16,-25.1667,45.05,65.77,73,4,15.32
245,Zyryanka,RU,2022-07-01 14:45:17,65.75,150.85,57.76,54,100,6.98
246,Muros,ES,2022-07-01 14:45:17,42.7762,-9.0603,85.15,52,6,10.87
247,Wahiawa,US,2022-07-01 14:45:17,21.5028,-158.0236,75.52,76,100,0.0
248,Sitka,US,2022-07-01 14:41:24,57.0531,-135.33,55.29,82,100,9.22
249,Bow Island,CA,2022-07-01 14:45:09,49.8668,-111.3684,61.63,77,70,3.44
250,Rocha,UY,2022-07-01 14:45:18,-34.4833,-54.3333,55.4,53,0,17.31
251,Tungor,RU,2022-07-01 14:45:18,53.3808,142.9564,63.09,78,38,15.84
252,Rorvik,NO,2022-07-01 14:45:19,64.8621,11.2373,80.71,54,20,8.05
253,Bilibino,RU,2022-07-01 14:45:19,68.0546,166.4372,47.43,91,100,3.91
254,San Matias,BO,2022-07-01 14:45:19,-16.3667,-58.4,87.73,34,6,6.58
255,Alofi,NU,2022-07-01 14:45:20,-19.0595,-169.9187,71.49,94,92,4.61
256,Karratha,AU,2022-07-01 14:45:20,-20.7377,116.8463,64.71,32,5,16.4
257,Bulgan,MN,2022-07-01 14:45:20,48.8125,103.5347,67.17,50,52,1.52
258,Aksarka,RU,2022-07-01 14:45:20,66.5606,67.7975,65.05,40,14,6.13
259,Kurud,IN,2022-07-01 14:45:21,20.8322,81.7214,89.58,74,76,8.63
260,Rapu-Rapu,PH,2022-07-01 14:45:21,13.1866,124.1256,82.85,80,100,8.84
261,Springbok,ZA,2022-07-01 14:45:22,-29.6643,17.8865,68.56,27,13,12.03
262,Namatanai,PG,2022-07-01 14:45:22,-3.6667,152.4333,79.81,83,84,9.44
263,Rognan,NO,2022-07-01 14:45:22,67.0953,15.3878,85.75,46,61,5.19
264,Palaia Fokaia,GR,2022-07-01 14:45:22,37.72,23.9463,97.84,39,0,19.98
265,Marshall,US,2022-07-01 14:45:23,34.3834,-86.3333,85.37,74,40,3.44
266,Vila Franca Do Campo,PT,2022-07-01 14:45:23,37.7167,-25.4333,75.2,81,46,8.46
267,Guozhen,CN,2022-07-01 14:45:23,34.3659,107.359,79.66,56,37,4.41
268,Solnechnyy,RU,2022-07-01 14:45:24,50.7214,136.6319,69.4,73,0,4.25
269,Te Anau,NZ,2022-07-01 14:45:24,-45.4167,167.7167,40.62,93,76,1.66
270,Zhanaozen,KZ,2022-07-01 14:45:24,43.3,52.8,85.37,13,4,9.4
271,Troitskoye,RU,2022-07-01 14:46:25,52.9821,84.6757,61.92,58,69,2.53
272,Port Blair,IN,2022-07-01 14:46:25,11.6667,92.75,82.44,83,75,2.3
273,Wilmington,US,2022-07-01 14:44:37,34.2257,-77.9447,80.51,90,40,0.0
274,Muswellbrook,AU,2022-07-01 14:46:25,-32.2667,150.9,50.32,98,100,2.01
275,San Jeronimo,PE,2022-07-01 14:46:26,-11.9472,-75.2829,56.17,32,5,1.77
276,Madera,US,2022-07-01 14:46:26,37.1666,-119.8343,85.98,27,0,2.55
277,Avola,IT,2022-07-01 14:46:26,36.9113,15.1395,95.29,58,54,10.0
278,Sinegorye,RU,2022-07-01 14:46:26,62.0788,150.477,50.61,81,66,4.29
279,Binzhou,CN,2022-07-01 14:46:27,37.3667,118.0167,80.87,63,1,3.53
280,Adrar,MR,2022-07-01 14:46:27,20.5022,-10.0711,101.57,10,37,15.59
281,Deputatskiy,RU,2022-07-01 14:46:27,69.3,139.9,43.43,90,100,2.91
282,Sisimiut,GL,2022-07-01 14:46:28,66.9395,-53.6735,40.64,96,100,4.99
283,Payo,ID,2022-07-01 14:46:28,-3.7508,103.6372,71.31,85,27,3.15
284,Sobolevo,RU,2022-07-01 14:46:28,54.4299,31.8996,75.29,67,36,3.49
285,Codrington,AU,2022-07-01 14:46:29,-38.2667,141.9667,48.69,70,99,7.25
286,Georgetown,MY,2022-07-01 14:42:00,5.4112,100.3354,85.95,82,20,8.05
287,Narsaq,GL,2022-07-01 14:46:29,60.9167,-46.05,55.62,73,6,7.83
288,Meulaboh,ID,2022-07-01 14:46:29,4.1363,96.1285,76.12,93,95,5.06
289,Qaanaaq,GL,2022-07-01 14:46:30,77.484,-69.3632,40.39,75,34,2.68
290,Ilulissat,GL,2022-07-01 14:44:14,69.2167,-51.1,51.82,54,20,6.91
291,Sabang,ID,2022-07-01 14:46:30,5.8933,95.3214,79.47,87,99,24.05
292,Hannibal,US,2022-07-01 14:46:30,39.7084,-91.3585,83.32,44,0,8.05
293,Tilichiki,RU,2022-07-01 14:46:30,60.4667,166.1,47.37,88,100,6.24
294,Tuktoyaktuk,CA,2022-07-01 14:46:31,69.4541,-133.0374,59.0,77,75,4.61
295,Bathsheba,BB,2022-07-01 14:46:31,13.2167,-59.5167,81.21,83,75,17.27
296,Kayes,ML,2022-07-01 14:46:31,14.0,-11.0,96.37,36,28,8.14
297,Nobeoka,JP,2022-07-01 14:46:32,32.5833,131.6667,74.75,88,6,3.38
298,Salisbury,GB,2022-07-01 14:42:12,51.0693,-1.7957,67.69,57,75,12.66
299,Yining,CN,2022-07-01 14:46:32,29.0361,114.5636,77.68,92,39,2.64
300,Garissa,KE,2022-07-01 14:46:32,-0.4536,39.6401,81.19,49,97,19.8
301,Saint-Augustin,CA,2022-07-01 14:46:33,51.226,-58.6502,65.59,58,25,7.63
302,Boo,SE,2022-07-01 14:46:33,59.3333,18.2833,75.96,77,75,12.66
303,Asau,RO,2022-07-01 14:46:33,46.4333,26.4,88.72,45,52,8.52
304,Akdepe,TM,2022-07-01 14:46:34,42.0551,59.3788,93.29,15,0,9.28
305,Cuamba,MZ,2022-07-01 14:46:34,-14.8031,36.5372,70.27,54,100,4.88
306,Verkhnyaya Inta,RU,2022-07-01 14:46:34,65.9811,60.3094,65.91,47,60,8.52
307,Matara,LK,2022-07-01 14:46:35,5.9485,80.5353,80.58,84,33,14.58
308,Saint Pete Beach,US,2022-07-01 14:46:35,27.7253,-82.7412,90.03,68,47,1.99
309,Portland,US,2022-07-01 14:43:57,45.5234,-122.6762,61.57,85,100,5.75
310,Hohhot,CN,2022-07-01 14:46:35,40.8106,111.6522,73.69,53,0,4.47
311,Ardesen,TR,2022-07-01 14:46:36,41.1911,40.9875,72.95,89,82,5.1
312,Russell,US,2022-07-01 14:46:36,32.3502,-85.1999,78.4,83,40,0.0
313,Mendi,PG,2022-07-01 14:46:36,-6.1761,143.6513,55.56,97,77,2.57
314,Yerbogachen,RU,2022-07-01 14:46:37,61.2767,108.0108,64.76,68,57,6.26
315,Luderitz,NA,2022-07-01 14:47:37,-26.6481,15.1594,69.66,47,0,15.97
316,Tevaitoa,PF,2022-07-01 14:47:37,-16.7833,-151.5,77.77,69,1,21.27
317,Behbahan,IR,2022-07-01 14:47:37,30.5959,50.2417,111.07,4,1,8.03
318,Porto Santo,PT,2022-07-01 14:47:38,33.072,-16.3415,68.38,83,40,9.22
319,Yurginskoye,RU,2022-07-01 14:47:38,56.8189,67.3921,56.82,85,62,8.79
320,Zarate,AR,2022-07-01 14:46:03,-34.0981,-59.0286,51.84,76,29,15.01
321,Mitu,CO,2022-07-01 14:47:38,1.1983,-70.1733,77.31,93,97,1.68
322,Saint George,US,2022-07-01 14:45:09,37.1041,-113.5841,85.62,32,0,12.66
323,Nelson Bay,AU,2022-07-01 14:47:39,-32.7167,152.15,55.99,99,100,11.01
324,Yelets,RU,2022-07-01 14:47:39,52.6237,38.5017,62.58,54,5,14.29
325,Atasu,KZ,2022-07-01 14:47:39,48.6814,71.6433,67.68,29,4,6.06
326,Ust-Omchug,RU,2022-07-01 14:47:40,61.15,149.6333,55.92,79,64,5.91
327,Puerto Colombia,CO,2022-07-01 14:46:39,10.9878,-74.9547,82.49,77,89,6.58
328,Vidim,RU,2022-07-01 14:47:40,56.4088,103.1106,65.1,84,100,1.48
329,La Asuncion,VE,2022-07-01 14:47:40,11.0333,-63.8628,83.93,79,39,9.22
330,Alugan,PH,2022-07-01 14:47:41,12.2188,125.4808,79.34,88,94,8.55
331,Sarkand,KZ,2022-07-01 14:47:41,45.41,79.9186,66.18,27,1,5.68
332,Norman Wells,CA,2022-07-01 14:47:41,65.282,-126.8329,59.04,72,75,6.91
333,Kaitangata,NZ,2022-07-01 14:47:42,-46.2817,169.8464,46.76,80,92,10.18
334,Kamaishi,JP,2022-07-01 14:47:42,39.2667,141.8833,69.73,97,67,1.03
335,Marquette,US,2022-07-01 14:47:42,46.5333,-87.6335,63.16,62,0,7.94
336,Riyadh,SA,2022-07-01 14:47:43,24.6877,46.7219,111.34,7,27,12.73
337,Algeciras,ES,2022-07-01 14:45:39,36.1333,-5.4505,71.28,73,20,11.5
338,Atar,MR,2022-07-01 14:47:43,20.5169,-13.0499,102.76,11,3,13.98
339,Ruteng,ID,2022-07-01 14:47:43,-8.6136,120.4721,63.0,96,100,2.37
340,Lucapa,AO,2022-07-01 14:47:43,-8.4192,20.7447,86.04,20,10,4.47
341,Kisesa,TZ,2022-07-01 14:47:44,-3.0833,34.15,79.38,30,52,12.88
342,Sao Filipe,CV,2022-07-01 14:47:44,14.8961,-24.4956,74.57,79,46,5.55
343,Villa Guerrero,MX,2022-07-01 14:42:58,18.8667,-99.65,69.28,71,76,2.57
344,Finschhafen,PG,2022-07-01 14:47:44,-6.6024,147.8681,79.65,79,80,7.85
345,Ocos,GT,2022-07-01 14:47:45,14.5094,-92.1933,81.28,77,100,2.42
346,Cerritos,US,2022-07-01 14:47:45,33.8583,-118.0648,75.9,85,100,3.44
347,Rabo De Peixe,PT,2022-07-01 14:47:45,37.8,-25.5833,74.28,79,20,17.27
348,Praia Da Vitoria,PT,2022-07-01 14:47:46,38.7333,-27.0667,74.75,88,100,12.24
349,Gorontalo,ID,2022-07-01 14:47:46,0.5412,123.0595,74.64,96,22,2.33
350,Dhidhdhoo,MV,2022-07-01 14:47:46,6.8833,73.1,82.51,78,58,19.98
351,Nipawin,CA,2022-07-01 14:45:05,53.3668,-104.0009,55.44,66,20,11.5
352,Vardo,NO,2022-07-01 14:47:47,70.3705,31.1107,44.58,100,100,5.75
353,Chumikan,RU,2022-07-01 14:47:47,54.7183,135.315,72.36,55,7,16.87
354,Ulaanbaatar,MN,2022-07-01 14:47:47,47.9077,106.8832,66.33,68,40,6.71
355,Klaksvik,FO,2022-07-01 14:47:47,62.2266,-6.589,52.72,92,100,12.75
356,Alta Floresta,BR,2022-07-01 14:47:48,-9.8756,-56.0861,91.22,43,0,9.22
357,Pitman,US,2022-07-01 14:43:08,39.7329,-75.1316,87.67,74,40,11.5
358,Charters Towers,AU,2022-07-01 14:47:48,-20.1,146.2667,61.84,96,100,9.89
359,Port Shepstone,ZA,2022-07-01 14:47:48,-30.7414,30.455,65.8,57,0,6.6
360,Melbu,NO,2022-07-01 14:47:49,68.5044,14.8297,75.02,60,0,5.75
361,Chara,RU,2022-07-01 14:48:49,56.9064,118.2631,66.69,86,99,3.98
362,Balaka,MW,2022-07-01 14:48:49,-14.9793,34.9558,69.49,58,91,7.14
363,Tessalit,ML,2022-07-01 14:48:50,20.1986,1.0114,106.03,10,54,7.7
364,Almaznyy,RU,2022-07-01 14:48:50,48.0448,40.045,77.02,36,4,14.79
365,Aguimes,ES,2022-07-01 14:48:50,27.9054,-15.4461,74.03,50,75,27.63
366,Lasa,IT,2022-07-01 14:48:51,46.6166,10.7002,79.7,76,51,6.15
367,Hasaki,JP,2022-07-01 14:48:51,35.7333,140.8333,79.29,85,1,10.89
368,Beringovskiy,RU,2022-07-01 14:48:51,63.05,179.3167,43.59,99,100,12.24
369,Jieshou,CN,2022-07-01 14:48:51,33.2634,115.3611,85.87,60,52,5.06
370,Chulman,RU,2022-07-01 14:48:52,56.8479,124.9104,63.72,94,83,2.93
371,Abu Samrah,SY,2022-07-01 14:48:52,35.3029,37.1841,88.57,27,0,19.08
372,Kruisfontein,ZA,2022-07-01 14:48:52,-34.0033,24.7314,74.88,33,0,12.01
373,Herat,AF,2022-07-01 14:48:53,34.5,62.0,91.65,12,0,45.21
374,San Lorenzo,PY,2022-07-01 14:48:53,-25.3333,-57.5333,74.59,60,0,13.0
375,Nome,US,2022-07-01 14:48:53,64.5011,-165.4064,59.07,77,100,14.97
376,Baoro,CF,2022-07-01 14:48:54,5.6667,15.9667,73.6,79,100,4.79
377,Linkou,CN,2022-07-01 14:48:54,45.3,130.2833,67.78,96,100,4.03
378,Iisalmi,FI,2022-07-01 14:48:54,63.5592,27.1907,85.5,28,13,7.49
379,Ajaccio,FR,2022-07-01 14:48:55,42.0,8.9167,78.85,58,0,13.8
380,Barentu,ER,2022-07-01 14:48:55,15.1139,37.5928,83.35,45,95,12.86
381,Saint Anthony,US,2022-07-01 14:48:55,45.0205,-93.218,75.83,54,0,5.75
382,Viedma,AR,2022-07-01 14:48:55,-40.8135,-62.9967,50.2,36,100,19.17
383,Ufimskiy,RU,2022-07-01 14:48:56,56.7084,58.0517,62.24,68,99,3.87
384,Atbasar,KZ,2022-07-01 14:48:56,51.8,68.3333,63.45,52,57,6.26
385,Aklavik,CA,2022-07-01 14:48:56,68.2191,-135.0107,69.37,46,16,12.95
386,Rosarito,MX,2022-07-01 14:48:57,32.3333,-117.0333,70.23,75,32,5.1
387,San Rafael,AR,2022-07-01 14:48:02,-34.6177,-68.3301,55.54,37,93,21.99
388,Saskylakh,RU,2022-07-01 14:48:57,71.9167,114.0833,52.47,52,95,5.55
389,Clyde River,CA,2022-07-01 14:48:57,70.4692,-68.5914,35.83,87,100,3.44
390,Labuhan,ID,2022-07-01 14:48:57,-6.8844,112.2051,79.3,82,77,6.89
391,Araouane,ML,2022-07-01 14:48:58,18.9048,-3.5265,105.66,18,4,9.28
392,Neftcala,AZ,2022-07-01 14:48:58,39.3742,49.2472,80.91,43,0,17.45
393,Margate,GB,2022-07-01 14:48:58,51.3813,1.3862,69.69,56,86,5.99
394,De Aar,ZA,2022-07-01 14:48:59,-30.6497,24.0123,58.93,45,10,14.32
395,Aleksandrovskiy Zavod,RU,2022-07-01 14:48:59,50.9237,117.9374,62.78,71,47,1.66
396,Rodrigues Alves,BR,2022-07-01 14:48:59,-7.738,-72.6509,80.8,49,9,2.44
397,Tabou,CI,2022-07-01 14:49:00,4.423,-7.3528,78.58,74,87,10.47
398,Puerto Del Rosario,ES,2022-07-01 14:49:00,28.5004,-13.8627,73.15,68,100,14.97
399,Santa Cruz,BO,2022-07-01 14:49:00,-17.8,-63.1667,76.46,73,40,25.32
400,Shenkursk,RU,2022-07-01 14:49:01,62.1091,42.896,74.16,35,39,3.44
401,Young,UY,2022-07-01 14:49:01,-32.6833,-57.6333,56.61,69,27,14.0
402,Boden,SE,2022-07-01 14:49:01,65.8252,21.6886,78.8,29,62,7.47
403,Mitsamiouli,KM,2022-07-01 14:49:01,-11.3847,43.2844,79.09,61,20,14.97
404,Boa Vista,BR,2022-07-01 14:46:51,2.8197,-60.6733,85.98,66,75,8.05
405,Bestobe,KZ,2022-07-01 14:49:02,52.4994,73.0975,63.97,40,20,12.1
406,Dourbali,TD,2022-07-01 14:49:02,11.8091,15.8632,92.62,31,89,6.87
407,Dunedin,NZ,2022-07-01 14:50:03,-45.8742,170.5036,46.8,79,100,11.99
408,Mangrol,IN,2022-07-01 14:52:11,21.1167,70.1167,83.59,81,100,17.98
409,Paraiso,CR,2022-07-01 14:52:14,9.8383,-83.8656,69.89,100,100,1.97
410,Nossa Senhora Da Gloria,BR,2022-07-01 14:52:14,-10.2183,-37.4203,71.71,93,100,10.45
411,Coahuayana,MX,2022-07-01 14:52:55,18.7333,-103.6833,84.65,69,98,0.69
412,Stolin,BY,2022-07-01 14:52:55,51.8912,26.846,81.66,44,62,8.95
413,Santa Lucia,ES,2022-07-01 14:51:40,27.9117,-15.5407,69.12,50,75,27.63
414,Cobourg,DE,2022-07-01 14:52:56,50.2667,10.9667,60.75,74,100,3.0
415,Hambantota,LK,2022-07-01 14:53:46,6.1241,81.1185,84.54,74,20,12.66
416,Yakeshi,CN,2022-07-01 14:53:47,49.2833,120.7333,63.43,80,53,3.85
417,Comodoro Rivadavia,AR,2022-07-01 14:53:47,-45.8667,-67.5,35.46,80,40,11.5
418,Sangar,RU,2022-07-01 14:53:47,63.9242,127.4739,56.07,78,58,5.44
419,Poya,NC,2022-07-01 14:53:48,-21.35,165.15,67.95,82,60,3.96
420,Victoria,HK,2022-07-01 14:53:10,22.2855,114.1577,84.38,86,100,27.0
421,Anito,PH,2022-07-01 14:53:48,12.4497,125.2886,78.53,90,100,4.76
422,Vozhega,RU,2022-07-01 14:53:48,60.4725,40.2213,72.19,31,20,1.86
423,Dangriga,BZ,2022-07-01 14:53:49,16.9692,-88.2321,82.47,76,94,6.02
424,Wageningen,NL,2022-07-01 14:53:49,51.9667,5.6667,72.1,56,40,12.66
425,Dingle,PH,2022-07-01 14:53:49,10.9995,122.6711,77.45,89,100,5.08
426,Saint-Georges,GD,2022-07-01 14:49:18,12.0564,-61.7485,78.48,94,100,5.75
427,Baykit,RU,2022-07-01 14:53:50,61.67,96.37,64.67,64,100,2.48
428,Yeniseysk,RU,2022-07-01 14:53:50,58.4497,92.1703,59.07,70,58,4.83
429,Bekhtery,UA,2022-07-01 14:53:50,46.251,32.2927,82.78,41,0,8.05
430,Cherskiy,RU,2022-07-01 14:53:51,68.75,161.3,42.17,77,99,10.96
431,Shiraoi,JP,2022-07-01 14:57:23,42.55,141.35,63.21,98,97,1.86
432,Mirabad,AF,2022-07-01 14:57:23,30.4362,61.8383,106.84,9,1,5.77
433,Yambio,SS,2022-07-01 14:54:25,4.5721,28.3955,80.47,55,84,6.15
434,Guadalupe Y Calvo,MX,2022-07-01 14:57:26,26.1,-106.9667,62.11,68,73,1.7
435,Eschwege,DE,2022-07-01 14:57:26,51.1833,10.0667,65.88,68,100,7.56
436,Carutapera,BR,2022-07-01 14:57:26,-1.195,-46.02,84.04,69,72,7.16
437,Beira,MZ,2022-07-01 14:57:27,-19.8436,34.8389,69.33,83,94,8.57
438,Mbaiki,CF,2022-07-01 14:57:27,3.8678,17.9892,76.15,89,93,3.0
439,Itaituba,BR,2022-07-01 14:57:27,-4.2761,-55.9836,89.76,62,20,5.75
440,Mount Gambier,AU,2022-07-01 14:57:27,-37.8333,140.7667,46.83,72,100,4.23
441,Huarmey,PE,2022-07-01 14:57:28,-10.0681,-78.1522,65.75,74,18,7.83
442,Acajutla,SV,2022-07-01 14:59:13,13.5928,-89.8275,84.52,60,95,0.07
443,Sri Aman,MY,2022-07-01 14:59:14,1.2376,111.4621,80.65,94,86,0.0
444,Hovd,MN,2022-07-01 14:59:14,48.0056,91.6419,72.41,32,100,15.59
445,Wamba,NG,2022-07-01 14:59:14,8.9333,8.6,82.17,66,100,4.5
446,Broome,US,2022-07-01 14:59:15,42.2506,-75.833,84.67,59,79,4.0
447,Primorsko-Akhtarsk,RU,2022-07-01 14:59:15,46.0497,38.1747,77.59,50,0,12.03
448,Sao Gabriel Da Cachoeira,BR,2022-07-01 14:59:15,-0.1303,-67.0892,80.4,83,0,3.44
449,Kolosovka,RU,2022-07-01 14:59:16,56.4678,73.611,55.94,82,91,13.24
450,Den Helder,NL,2022-07-01 14:59:16,52.9599,4.7593,68.97,69,20,21.99
451,Antofagasta,CL,2022-07-01 14:59:16,-23.65,-70.4,60.08,71,3,4.14
452,Yalta,UA,2022-07-01 14:59:16,44.5,34.1667,76.24,69,97,2.55
453,Vyartsilya,RU,2022-07-01 14:59:17,62.1764,30.693,85.96,34,4,7.23
454,Tigil,RU,2022-07-01 14:59:17,57.8,158.6667,51.58,89,100,11.83
455,Estanzuela,GT,2022-07-01 14:59:18,15.0,-89.5667,79.03,78,75,0.0
456,Northam,GB,2022-07-01 14:59:18,51.0333,-4.2167,64.65,69,36,17.72
457,Teacapan,MX,2022-07-01 14:59:19,22.55,-105.75,83.39,70,69,2.48
458,Wewak,PG,2022-07-01 14:59:19,-3.5534,143.6268,81.63,84,83,9.95
459,Tecoanapa,MX,2022-07-01 14:59:20,16.5167,-98.75,83.68,71,98,1.07
460,Kangaatsiaq,GL,2022-07-01 14:59:20,68.3065,-53.4641,38.95,93,100,8.95
461,Korla,CN,2022-07-01 14:59:20,41.7597,86.1469,84.97,22,67,12.41
462,Vila Do Maio,CV,2022-07-01 14:59:21,15.1333,-23.2167,83.19,79,88,9.53
463,Tocopilla,CL,2022-07-01 14:59:21,-22.092,-70.1979,63.9,69,1,4.88
464,Sao Jose,BR,2022-07-01 14:58:44,-28.2333,-49.1667,59.43,56,0,3.0
465,Balkhash,KZ,2022-07-01 14:59:21,46.844,74.9804,73.6,34,0,6.31
466,Arvika,SE,2022-07-01 14:59:22,59.6553,12.5852,79.41,76,39,5.1
467,Yumen,CN,2022-07-01 14:59:22,40.2833,97.2,83.41,13,0,10.94
468,Asosa,ET,2022-07-01 14:59:22,10.0667,34.5333,66.54,84,100,2.39
469,Bomet,KE,2022-07-01 14:59:23,-0.7813,35.3416,62.78,75,95,2.08
470,Daru,PG,2022-07-01 14:59:23,-9.0763,143.2092,78.71,91,61,8.5
471,Hervey Bay,AU,2022-07-01 14:59:24,-25.2986,152.8535,61.02,97,100,5.01
472,Aswan,EG,2022-07-01 14:59:24,24.0934,32.907,105.1,13,0,17.27
473,Muzhi,RU,2022-07-01 14:59:25,65.3667,64.6667,64.04,47,7,10.71
474,Tual,ID,2022-07-01 14:59:25,-5.6667,132.75,81.63,81,96,19.64
475,Berlevag,NO,2022-07-01 15:00:25,70.8578,29.0864,60.6,87,75,25.32
476,San Javier,ES,2022-07-01 15:00:26,37.8063,-0.8374,88.29,67,20,13.8
477,Merauke,ID,2022-07-01 15:00:26,-8.4667,140.3333,78.64,90,28,9.53
478,Andijon,UZ,2022-07-01 15:00:27,40.7821,72.3442,85.28,12,63,12.77
479,Muroto,JP,2022-07-01 15:00:27,33.2833,134.15,78.82,83,10,3.91
480,Nanortalik,GL,2022-07-01 15:00:28,60.1432,-45.2371,43.9,85,42,10.33
481,Baruun-Urt,MN,2022-07-01 15:00:28,46.6806,113.2792,72.64,45,8,3.62
482,Volkhov,RU,2022-07-01 15:00:29,59.9258,32.3382,80.65,34,6,4.7
483,Cacoal,BR,2022-07-01 15:00:29,-11.4386,-61.4472,87.82,41,12,2.19
484,Kununurra,AU,2022-07-01 15:00:30,-15.7667,128.7333,60.78,72,100,14.97
485,Qandala,SO,2022-07-01 15:00:31,11.472,49.8728,91.54,49,27,5.53
486,Jedovnice,CZ,2022-07-01 15:00:31,49.3445,16.756,91.06,55,36,6.55
487,Benguela,AO,2022-07-01 15:00:32,-12.5763,13.4055,77.0,60,47,7.81
488,Faya,SA,2022-07-01 15:00:32,18.3851,42.4509,74.57,44,62,9.84
489,Uvat,RU,2022-07-01 15:00:33,59.1433,68.8953,56.64,67,95,6.42
490,Bogatyye Saby,RU,2022-07-01 15:00:33,56.0102,50.4483,61.65,76,36,12.48
491,Akyab,MM,2022-07-01 15:00:34,20.15,92.9,81.82,81,100,5.7
492,Dubbo,AU,2022-07-01 15:00:34,-32.25,148.6167,46.53,93,100,4.61
493,Rovaniemi,FI,2022-07-01 15:00:35,66.5,25.7167,87.21,30,0,9.22
494,Padang,ID,2022-07-01 15:00:35,-0.9492,100.3543,76.23,85,5,4.27
495,Voh,NC,2022-07-01 15:00:36,-20.9667,164.7,65.98,82,33,3.83
496,Adelaide,AU,2022-07-01 14:57:25,-34.9333,138.6,50.32,69,75,5.75
497,Darhan,MN,2022-07-01 15:00:36,49.4867,105.9228,74.3,55,1,5.41
498,Bonavista,CA,2022-07-01 14:56:01,48.6499,-53.1147,55.17,97,100,13.06
499,Nara,JP,2022-07-01 15:00:11,34.6851,135.8049,83.91,65,65,1.9
500,Shahrud,IR,2022-07-01 15:00:37,36.4182,54.9763,88.21,27,0,9.4
501,Hualmay,PE,2022-07-01 15:00:37,-11.0964,-77.6139,64.89,74,38,8.39
502,Carlos Chagas,BR,2022-07-01 15:00:38,-17.7031,-40.7664,79.83,49,68,5.64
503,Port-Cartier,CA,2022-07-01 15:00:38,50.0334,-66.8654,61.75,70,100,4.52
504,Itarema,BR,2022-07-01 15:00:39,-2.9248,-39.9167,85.68,61,24,12.62
505,Geraldton,AU,2022-07-01 15:00:39,-28.7667,114.6,46.81,81,0,5.75
506,Salvador,SV,2022-07-01 14:55:50,13.8333,-88.9167,81.05,74,96,3.6
507,Opuwo,NA,2022-07-01 15:00:40,-18.0607,13.84,76.6,21,0,8.95
508,Bousso,TD,2022-07-01 15:00:40,10.4795,16.7117,91.2,41,93,0.98
509,Uuemoisa,EE,2022-07-01 15:00:41,58.9394,23.5894,82.35,72,100,7.02
510,Ayan,RU,2022-07-01 15:00:41,56.45,138.1667,64.85,79,95,7.61
511,Pavullo Nel Frignano,IT,2022-07-01 15:00:42,44.3315,10.835,88.36,28,0,7.09
512,Mahibadhoo,MV,2022-07-01 15:00:43,3.7833,72.9667,83.01,76,68,21.94
513,Hoi An,VN,2022-07-01 15:00:37,15.8794,108.335,80.56,88,100,10.04
514,Nueva Granada,CO,2022-07-01 15:00:43,9.8017,-74.393,82.0,77,99,5.73
515,Omboue,GA,2022-07-01 15:00:43,-1.5746,9.2618,77.05,74,42,13.2
516,Polis,CY,2022-07-01 15:00:44,35.0367,32.4264,87.28,53,0,8.7
517,Fairbanks,US,2022-07-01 14:59:43,64.8378,-147.7164,70.21,55,16,2.46
518,Ixtapa,MX,2022-07-01 15:00:27,20.7,-105.2,84.22,76,37,3.0
519,Puerto Quijarro,BO,2022-07-01 15:00:44,-17.7833,-57.7667,87.94,33,6,6.73
520,Kharitonovo,RU,2022-07-01 15:00:45,61.4009,47.4978,70.14,39,22,4.72
521,Washington,US,2022-07-01 14:57:21,47.5001,-120.5015,65.48,57,0,4.05
522,Kramat,ID,2022-07-01 15:01:45,-8.1311,113.4499,73.06,94,75,0.25
523,Caibarien,CU,2022-07-01 15:01:46,22.5206,-79.4669,84.06,72,94,13.69
524,Otane,NZ,2022-07-01 15:01:46,-39.8833,176.6333,38.95,92,1,2.95
525,Safford,US,2022-07-01 15:01:47,32.834,-109.7076,85.12,47,24,4.21
526,Esna,EG,2022-07-01 15:01:47,25.2934,32.554,100.29,15,0,14.32
527,Pochutla,MX,2022-07-01 15:01:48,15.7432,-96.4661,86.83,64,100,1.68
528,Atherton,GB,2022-07-01 15:01:48,53.5237,-2.4935,65.61,69,97,1.99
529,Vao,NC,2022-07-01 15:01:49,-22.6667,167.4833,69.82,74,100,15.9
530,Orlik,RU,2022-07-01 15:01:49,52.5178,99.825,62.67,65,85,2.19
531,Maromitsa,RU,2022-07-01 15:01:50,59.8683,48.0123,65.5,51,49,4.45
532,Sechura,PE,2022-07-01 15:01:50,-5.5569,-80.8222,68.49,67,2,8.81
533,Ahvaz,IR,2022-07-01 15:01:51,31.3203,48.6693,116.55,6,0,13.8
534,Jiangyou,CN,2022-07-01 15:01:51,31.7667,104.7167,74.62,70,87,2.44
535,Kidal,ML,2022-07-01 15:01:52,18.4411,1.4078,104.65,12,37,5.79
536,Binga,ZW,2022-07-01 15:01:52,-17.6203,27.3414,71.1,51,15,4.94
537,Udachnyy,RU,2022-07-01 15:01:52,66.4167,112.4,61.63,57,100,5.61
538,Surt,LY,2022-07-01 15:01:53,31.2089,16.5887,86.13,49,0,8.99
539,Krasnoselkup,RU,2022-07-01 15:01:53,65.7,82.4667,58.96,74,100,5.66
540,Wladyslawowo,PL,2022-07-01 15:00:19,54.7909,18.4009,89.01,78,39,17.29
541,Ludvika,SE,2022-07-01 15:01:54,60.1496,15.1878,74.77,68,82,3.62
542,Saint-Leu,RE,2022-07-01 15:01:55,-21.15,55.2833,70.66,71,19,14.43
543,Srandakan,ID,2022-07-01 15:01:55,-7.9386,110.2506,76.55,83,43,12.57
544,Mocuba,MZ,2022-07-01 15:01:55,-16.8392,36.9856,67.53,89,79,3.91
545,Camabatela,AO,2022-07-01 15:01:56,-8.1881,15.375,83.28,17,6,2.21
546,Neiafu,TO,2022-07-01 15:01:56,-18.65,-173.9833,79.21,76,5,18.12
547,Port Augusta,AU,2022-07-01 15:01:57,-32.5,137.7667,45.97,84,0,6.53
548,Yongchang,CN,2022-07-01 15:01:57,30.0381,119.7317,72.57,93,9,2.48
549,Zharkent,KZ,2022-07-01 15:01:58,44.1628,80.0,77.56,23,0,8.61
550,Tabas,IR,2022-07-01 15:01:58,33.5959,56.9244,104.74,8,0,17.22
551,Praia,CV,2022-07-01 15:01:58,14.9215,-23.5087,82.94,54,20,14.97
552,Havre-Saint-Pierre,CA,2022-07-01 15:01:59,50.2334,-63.5986,60.46,66,98,4.72
553,Kilinochchi,LK,2022-07-01 15:01:59,9.3961,80.3982,78.66,76,45,8.86
554,Zeya,RU,2022-07-01 15:02:00,53.75,127.2667,66.36,75,3,4.61
555,Bima,ID,2022-07-01 15:02:00,-8.4667,118.7167,75.72,95,100,2.98
